tree,dataset,size,time,height,nodes,elements
StandardBST,random,1000,0.0015727999998489395,22,1000,1000
FlagBST,random,1000,0.00255010000000766,22,1000,1000
ListBST,random,1000,0.003233799999634357,22,1000,1000
StandardBST,random,5000,0.010275199999796314,28,5000,5000
FlagBST,random,5000,0.01398460000018531,28,5000,5000
ListBST,random,5000,0.022685200000069017,28,5000,5000
StandardBST,random,10000,0.026969899999585323,28,10000,10000
FlagBST,random,10000,0.04603929999984757,28,10000,10000
ListBST,random,10000,0.03585930000008375,28,10000,10000
StandardBST,random,50000,0.17803290000028937,39,50000,50000
FlagBST,random,50000,0.25262549999979456,39,50000,50000
ListBST,random,50000,0.28409359999977823,39,50000,50000
StandardBST,medium_duplicates,1000,0.0013910999996369355,19,1000,1000
FlagBST,medium_duplicates,1000,0.0025351999997837993,20,1000,1000
ListBST,medium_duplicates,1000,0.0015438000000358443,18,435,1000
StandardBST,medium_duplicates,5000,0.00850140000011379,26,5000,5000
FlagBST,medium_duplicates,5000,0.01879689999987022,26,5000,5000
ListBST,medium_duplicates,5000,0.010459999999966385,23,2173,5000
StandardBST,medium_duplicates,10000,0.019347599999946397,30,10000,10000
FlagBST,medium_duplicates,10000,0.03055709999989631,29,10000,10000
ListBST,medium_duplicates,10000,0.02944870000010269,27,4306,10000
StandardBST,medium_duplicates,50000,0.15418980000004012,41,50000,50000
FlagBST,medium_duplicates,50000,0.23999259999982314,42,50000,50000
ListBST,medium_duplicates,50000,0.1856377999997676,38,21676,50000
StandardBST,many_duplicates,1000,0.0052494000001388486,110,1000,1000
FlagBST,many_duplicates,1000,0.002684599999611237,19,1000,1000
ListBST,many_duplicates,1000,0.0007346000002144137,5,11,1000
StandardBST,many_duplicates,5000,0.12800359999982902,475,5000,5000
FlagBST,many_duplicates,5000,0.010792900000069494,20,5000,5000
ListBST,many_duplicates,5000,0.0026133999999728985,4,11,5000
StandardBST,many_duplicates,10000,0.400579099999959,967,10000,10000
FlagBST,many_duplicates,10000,0.023531499999990046,24,10000,10000
ListBST,many_duplicates,10000,0.0053195999998933985,4,11,10000
StandardBST,many_duplicates,50000,15.812241399999948,4680,50000,50000
FlagBST,many_duplicates,50000,0.1500266000002739,29,50000,50000
ListBST,many_duplicates,50000,0.02488279999988663,5,11,50000
